<keymap version="1" name="Default copy" parent="$default">
  <action id="$Redo">
    <keyboard-shortcut first-keystroke="ctrl y" />
  </action>
  <action id="ActivateEventLogToolWindow">
    <keyboard-shortcut first-keystroke="alt 0" />
  </action>
  <action id="ActivateGradleToolWindow">
    <keyboard-shortcut first-keystroke="alt 3" />
  </action>
  <action id="CloseContent">
    <keyboard-shortcut first-keystroke="ctrl w" />
  </action>
  <action id="Editor Redo">
    <keyboard-shortcut first-keystroke="ctrl y" />
  </action>
  <action id="EditorDeleteLine" />
  <action id="EditorSelectWord">
    <keyboard-shortcut first-keystroke="alt w" />
  </action>
  <action id="EditorUnSelectWord">
    <keyboard-shortcut first-keystroke="shift alt w" />
  </action>
  <action id="ExpressionTypeInfo" />
  <action id="Git.Pull">
    <keyboard-shortcut first-keystroke="shift ctrl p" />
  </action>
  <action id="GotoTest" />
  <action id="Images.ShowThumbnails" />
  <action id="MoveEditorToOppositeTabGroup">
    <keyboard-shortcut first-keystroke="shift ctrl y" />
  </action>
  <action id="NextSplitter">
    <keyboard-shortcut first-keystroke="alt r" />
  </action>
  <action id="OpenEditorInOppositeTabGroup">
    <keyboard-shortcut first-keystroke="shift ctrl o" />
  </action>
  <action id="ReopenClosedTab">
    <keyboard-shortcut first-keystroke="shift ctrl t" />
  </action>
  <action id="RunDashboard.ShowConfigurations" />
  <action id="SplitVertically">
    <keyboard-shortcut first-keystroke="shift ctrl s" />
  </action>
  <action id="ToggleFullScreen">
    <keyboard-shortcut first-keystroke="shift ctrl f11" />
  </action>
  <action id="tasks.close" />
</keymap>